signal_date,entry_date,exit_date,symbol,side,decision_price,entry_price,exit_price,return_pct,profit_usd,score,adx,z_dist,trend4h_slope,market_score,sector_score,rs_score,avg_dollar_vol_m,month
2025-01-21,2025-01-22,2025-01-28,BA,BUY,175.55999755859375,175.2899932861328,177.77999877929688,1.4205063543470664,7.102531771735332,0.3699,20.594501515282253,0.98,0.0028,0.8,0.8,0.5,1652.0,2025-01
2025-01-22,2025-01-23,2025-01-29,CPT,SELL,110.9800033569336,110.80000305175781,110.58000183105469,0.1985570529274771,0.9927852646373855,0.3471,20.98904159392872,-1.19,-0.0025,0.0,0.8,1.0,85.4,2025-01
2025-01-24,2025-01-27,2025-01-31,CMG,SELL,56.70000076293945,56.27000045776367,58.349998474121094,-3.696459924358222,-18.48229962179111,0.3097,21.696126895349853,-1.23,-0.0022,0.0,0.0,1.0,482.8,2025-01
2025-01-27,2025-01-28,2025-02-03,CNP,BUY,32.880001068115234,32.75,32.5099983215332,-0.7328295525703721,-3.6641477628518606,0.4311,21.438629892421197,1.13,0.0027,0.8,0.4,1.0,125.7,2025-01
2025-01-28,2025-01-29,2025-02-04,APO,BUY,169.30999755859375,169.4600067138672,162.58999633789062,-4.054060016400542,-20.27030008200271,0.4173,19.935465322537436,0.4,0.0044,0.8,0.8,0.5,557.9,2025-01
2025-01-29,2025-01-30,2025-02-05,APO,BUY,171.10000610351562,172.8000030517578,165.75,-4.0798628051216905,-20.39931402560845,0.4163,19.242025126819318,0.7,0.0046,0.8,0.8,0.5,556.9,2025-01
2025-01-29,2025-01-30,2025-02-05,AWK,SELL,124.25,125.13999938964844,123.61000061035156,1.222629684161111,6.113148420805555,0.3552,33.81382647970365,-0.24,-0.0021,0.0,0.6,0.5,135.3,2025-01
2025-01-29,2025-01-30,2025-02-05,CPT,SELL,110.58000183105469,112.13999938964844,116.2699966430664,-3.6828939503268856,-18.414469751634428,0.3162,17.398349664523103,-0.96,-0.0021,0.0,0.8,1.0,87.4,2025-01
2025-01-30,2025-01-31,2025-02-06,CEG,BUY,308.54998779296875,312.0,311.79998779296875,-0.06410647661258012,-0.3205323830629006,0.6269,29.345281545063212,0.93,0.0078,0.8,0.4,1.0,1743.5,2025-01
2025-01-30,2025-01-31,2025-02-06,BA,BUY,179.52999877929688,180.50999450683594,184.8000030517578,2.376604440459064,11.883022202295319,0.5214,23.367093978210676,0.99,0.0035,0.8,0.8,1.0,1551.1,2025-01
2025-01-30,2025-01-31,2025-02-06,AEE,BUY,94.11000061035156,94.0,96.75,2.925531914893617,14.627659574468085,0.4113,19.534126770857284,1.11,0.0026,0.8,0.4,1.0,109.6,2025-01
2025-01-30,2025-01-31,2025-02-06,CNP,BUY,32.880001068115234,32.75,32.439998626708984,-0.9465690787511928,-4.732845393755964,0.389,22.652434885993152,0.99,0.0028,0.8,0.4,1.0,132.1,2025-01
2025-01-30,2025-01-31,2025-02-06,AZO,BUY,3351.010009765625,3351.659912109375,3466.68994140625,3.432031659336242,17.16015829668121,0.3554,21.817792775424056,0.98,0.0021,0.8,0.8,0.5,355.7,2025-01
2025-01-30,2025-01-31,2025-02-06,AWK,SELL,123.66000366210938,123.66000366210938,123.9800033569336,-0.2587738034511071,-1.2938690172555356,0.3495,31.407839704159947,-0.4,-0.0028,0.0,0.4,1.0,140.6,2025-01
2025-01-31,2025-02-03,2025-02-07,CIEN,BUY,87.13999938964844,83.41000366210938,89.70999908447266,7.553045373171681,37.7652268658584,0.4978,23.716477880636806,0.44,0.0072,0.8,0.4,1.0,235.0,2025-01
2025-02-03,2025-02-04,2025-02-10,CEG,BUY,306.30999755859375,298.22698974609375,321.8299865722656,7.914440220942824,39.57220110471412,0.4791,25.898496482976586,0.7,0.0092,0.8,0.6,0.0,1795.0,2025-02
2025-02-03,2025-02-04,2025-02-10,BR,BUY,238.64999389648438,237.61000061035156,242.33999633789062,1.990655155670665,9.953275778353326,0.4629,19.798865641471945,1.1,0.003,0.8,0.8,1.0,113.3,2025-02
2025-02-04,2025-02-05,2025-02-11,CEG,BUY,306.3299865722656,310.5299987792969,313.5799865722656,0.9821878095379986,4.910939047689993,0.5004,24.140726618927033,0.65,0.0091,0.8,0.4,0.0,1783.1,2025-02
2025-02-04,2025-02-05,2025-02-11,CIEN,BUY,87.5,88.58000183105469,87.48999786376953,-1.2305305314444224,-6.152652657222111,0.4303,20.78886216362968,0.48,0.0078,0.8,0.4,0.5,237.1,2025-02
2025-02-05,2025-02-06,2025-02-12,BA,BUY,181.83999633789062,182.0,186.25,2.3351648351648353,11.675824175824175,0.5454,25.178725228200303,1.2,0.0036,0.8,0.8,1.0,1391.8,2025-02
2025-02-05,2025-02-06,2025-02-12,CEG,BUY,313.8299865722656,315.32501220703125,313.79998779296875,-0.4836357266391614,-2.418178633195807,0.5144,22.84498166689359,0.96,0.01,0.8,0.8,0.0,1784.9,2025-02
2025-02-05,2025-02-06,2025-02-12,CRM,BUY,347.92999267578125,337.4800109863281,326.1199951171875,-3.3661299926889114,-16.830649963444557,0.4661,20.18692400000155,0.87,0.0039,0.8,0.6,1.0,2114.6,2025-02
2025-02-05,2025-02-06,2025-02-12,BDX,BUY,192.6572265625,183.60848999023438,177.55503845214844,-3.2969344382756507,-16.48467219137825,0.4418,30.363846134524046,0.94,0.0023,0.8,0.4,0.5,509.3,2025-02
2025-02-05,2025-02-06,2025-02-12,CRH,BUY,101.16000366210938,102.66999816894531,104.22000122070312,1.5096942431101001,7.5484712155505,0.4079,21.923065841129702,1.67,0.0023,0.8,0.4,1.0,323.6,2025-02
2025-02-06,2025-02-07,2025-02-13,DIS,BUY,112.08999633789062,111.61000061035156,109.58999633789062,-1.8098774853636073,-9.049387426818036,0.3826,24.023953658542556,0.2,0.0024,0.8,0.8,0.0,997.1,2025-02
2025-02-06,2025-02-07,2025-02-13,CNP,BUY,32.439998626708984,32.380001068115234,33.43000030517578,3.2427399704272615,16.21369985213631,0.3355,20.323287719665206,0.26,0.002,0.8,0.8,0.0,132.1,2025-02
2025-02-06,2025-02-07,2025-02-13,BXP,SELL,72.38999938964844,72.68000030517578,71.26000213623047,1.9537674229263724,9.768837114631863,0.3059,18.353120260752263,-0.17,-0.0025,0.0,0.6,0.5,97.2,2025-02
2025-02-07,2025-02-10,2025-02-14,COP,SELL,98.36000061035156,99.61000061035156,96.26000213623047,3.3631146005363632,16.815573002681816,0.3623,23.029064227730405,-1.26,-0.0024,0.0,0.6,1.0,643.6,2025-02
2025-02-10,2025-02-11,2025-02-18,CNP,BUY,32.380001068115234,32.220001220703125,33.810001373291016,4.934823377865759,24.674116889328793,0.3719,18.515560537865863,0.14,0.0021,0.8,0.8,0.0,125.1,2025-02
2025-02-12,2025-02-13,2025-02-20,DVN,SELL,33.970001220703125,33.95000076293945,38.54999923706055,-13.549332461702182,-67.7466623085109,0.389,22.037532532470244,-0.65,-0.0034,0.0,0.6,1.0,306.1,2025-02
2025-02-13,2025-02-14,2025-02-21,ATO,BUY,147.97999572753906,148.24000549316406,149.89999389648438,1.119797856049635,5.598989280248175,0.4625,23.551049620697743,1.83,0.0021,0.8,0.8,1.0,133.3,2025-02
2025-02-14,2025-02-18,2025-02-24,CPAY,BUY,377.30999755859375,377.9200134277344,361.2300109863281,-4.416279066574943,-22.081395332874717,0.3565,27.03855495057017,0.46,0.0026,0.8,0.8,0.0,166.2,2025-02
2025-02-14,2025-02-18,2025-02-24,DOC,SELL,19.59000015258789,19.5,19.829999923706055,-1.692307301056691,-8.461536505283455,0.3524,21.94670827697984,-1.1,-0.003,0.0,0.4,1.0,109.9,2025-02
2025-02-18,2025-02-19,2025-02-25,DOV,BUY,205.36000061035156,204.08999633789062,198.36000061035156,-2.8075828459776653,-14.037914229888326,0.4653,36.30263427603163,1.05,0.0022,0.8,0.8,0.5,177.4,2025-02
2025-02-19,2025-02-20,2025-02-26,CAH,BUY,126.75,126.19000244140625,127.18000030517578,0.7845295543355082,3.922647771677541,0.3872,32.27565632466174,0.18,0.0027,0.8,0.4,0.0,319.0,2025-02
2025-02-19,2025-02-20,2025-02-26,DOV,BUY,204.8800048828125,204.85000610351562,197.67999267578125,-3.5001284911415604,-17.5006424557078,0.3841,36.75250746941372,0.89,0.0023,0.8,0.8,0.0,175.3,2025-02
2025-02-19,2025-02-20,2025-02-26,CHRW,SELL,99.0199966430664,99.0199966430664,98.18000030517578,0.8483098024316519,4.241549012158259,0.3124,30.14671762994781,-0.7,-0.002,0.0,0.0,1.0,130.7,2025-02
2025-02-20,2025-02-21,2025-02-27,CAH,BUY,127.37999725341797,126.91000366210938,127.47000122070312,0.4412556476514739,2.2062782382573696,0.3311,31.381033058712713,0.4,0.0027,0.8,0.4,0.0,321.6,2025-02
2025-02-25,2025-02-26,2025-03-04,DPZ,BUY,470.1400146484375,473.1400146484375,481.7699890136719,1.8239789698714874,9.119894849357436,0.3643,25.014458076443113,0.6,0.0021,0.6,0.4,1.0,295.9,2025-02
2025-02-26,2025-02-27,2025-03-05,DXCM,BUY,89.91000366210938,89.44000244140625,81.95999908447266,-8.363152004422046,-41.81576002211023,0.4487,19.395587969069876,0.8,0.005,0.4,0.4,1.0,305.7,2025-02
2025-02-26,2025-02-27,2025-03-05,DPZ,BUY,479.1099853515625,482.5299987792969,476.17999267578125,-1.3159816217809988,-6.579908108904994,0.358,23.746266662309818,1.08,0.003,0.4,0.4,1.0,305.9,2025-02
2025-02-26,2025-02-27,2025-03-05,BXP,SELL,69.98999786376953,70.33999633789062,67.68000030517578,3.7816266295168424,18.908133147584213,0.3375,18.640047814235476,-0.51,-0.0035,0.4,0.4,0.5,88.1,2025-02
2025-02-26,2025-02-27,2025-03-05,CNC,SELL,56.900001525878906,57.599998474121094,59.0,-2.430558269038684,-12.152791345193423,0.3034,21.05939826532364,-1.12,-0.003,0.4,0.4,0.5,295.9,2025-02
2025-02-27,2025-02-28,2025-03-06,AXON,SELL,525.4400024414062,526.969970703125,499.30999755859375,5.248870843176344,26.24435421588172,0.4678,24.7814371634484,-1.86,-0.0021,0.4,0.4,1.0,629.0,2025-02
2025-02-27,2025-02-28,2025-03-06,BXP,SELL,70.04000091552734,70.33999633789062,66.66999816894531,5.217512595985684,26.08756297992842,0.3109,17.872215270943244,-0.44,-0.0033,0.4,0.4,0.5,80.8,2025-02
2025-02-28,2025-03-03,2025-03-07,ADI,BUY,230.05999755859375,231.83999633789062,225.86000061035156,-2.5793632772593886,-12.896816386296944,0.4479,21.434156078349925,0.95,0.0021,0.4,0.4,1.0,979.7,2025-02
2025-02-28,2025-03-03,2025-03-07,ADSK,SELL,274.2099914550781,278.260009765625,259.75,6.652055313739029,33.26027656869515,0.4025,20.536819694786356,-2.28,-0.002,0.4,0.4,1.0,499.2,2025-02
2025-02-28,2025-03-03,2025-03-07,DASH,BUY,198.44000244140625,199.88999938964844,178.0800018310547,-10.91099986251899,-54.55499931259495,0.3912,22.69525300694542,0.32,0.0068,0.4,0.4,0.5,914.7,2025-02
2025-02-28,2025-03-03,2025-03-07,BKNG,BUY,200.64039611816406,200.64039611816406,186.93519592285156,-6.8307282384156744,-34.153641192078375,0.3633,25.21160043169723,0.46,0.0021,0.4,0.4,1.0,1432.4,2025-02
2025-03-03,2025-03-04,2025-03-10,CF,SELL,77.97000122070312,77.5,77.0999984741211,0.5161310011340726,2.580655005670363,0.5464,25.44486592617628,-1.59,-0.0036,0.4,0.8,1.0,261.9,2025-03
2025-03-04,2025-03-05,2025-03-11,BX,SELL,150.72999572753906,151.85000610351562,138.13999938964844,9.028650749293433,45.14325374646717,0.4825,29.16747396272842,-2.25,-0.0037,0.4,0.2,1.0,632.5,2025-03
2025-03-05,2025-03-06,2025-03-12,BRK-B,BUY,498.5,496.8399963378906,495.94000244140625,-0.1811436082276089,-0.9057180411380444,0.5021,25.970815797678615,1.05,0.0034,0.4,0.6,1.0,2097.0,2025-03
2025-03-06,2025-03-07,2025-03-13,DPZ,BUY,480.239990234375,480.5,428.6700134277344,-10.786677746569328,-53.933388732846645,0.4245,19.674334828556255,0.63,0.0032,0.4,0.4,1.0,319.7,2025-03
2025-03-06,2025-03-07,2025-03-13,DE,BUY,482.8399963378906,478.2699890136719,467.0899963378906,-2.337590259183429,-11.687951295917145,0.3503,20.24455510746386,0.55,0.0028,0.4,0.4,1.0,786.1,2025-03
2025-03-07,2025-03-10,2025-03-14,AEP,BUY,104.62000274658203,104.91000366210938,105.55999755859375,0.6195728470069009,3.0978642350345043,0.42,44.73604108206563,0.53,0.0023,0.4,0.4,1.0,356.4,2025-03
2025-03-10,2025-03-11,2025-03-17,BXP,SELL,68.16999816894531,68.5,68.63999938964844,-0.20437867101961682,-1.021893355098084,0.4028,20.835551203450507,-0.65,-0.0037,0.4,0.6,0.5,95.2,2025-03
2025-03-10,2025-03-11,2025-03-17,DUK,BUY,118.5,118.27999877929688,120.80999755859375,2.138991211876571,10.694956059382854,0.3697,31.84729333327207,1.48,0.0022,0.4,0.4,1.0,438.5,2025-03
2025-03-10,2025-03-11,2025-03-17,BRK-B,BUY,497.1000061035156,496.0,523.010009765625,5.445566485005041,27.227832425025202,0.3628,25.701511211186,0.7,0.0028,0.4,0.4,1.0,2190.3,2025-03
2025-03-11,2025-03-12,2025-03-18,DVA,SELL,146.6300048828125,145.89999389648438,149.3699951171875,-2.378342265843466,-11.89171132921733,0.4484,32.99592573574142,-0.77,-0.0023,0.6,0.6,0.0,209.9,2025-03
2025-03-11,2025-03-12,2025-03-18,BRK-B,BUY,496.25,497.6000061035156,523.1400146484375,5.132638310219151,25.663191551095753,0.3497,25.68817357806633,0.55,0.0027,0.4,0.4,1.0,2254.9,2025-03
2025-03-12,2025-03-13,2025-03-19,DVA,SELL,142.6300048828125,142.8000030517578,149.8300018310547,-4.922968227632919,-24.614841138164593,0.5028,31.983012317503096,-1.34,-0.0039,0.6,0.6,0.5,214.2,2025-03
2025-03-12,2025-03-13,2025-03-19,CARR,SELL,65.43000030517578,65.05999755859375,67.68000030517578,-4.02705632477534,-20.135281623876697,0.3313,17.46044083135635,-0.1,-0.0025,0.6,0.4,0.0,402.0,2025-03
2025-03-13,2025-03-14,2025-03-20,AIG,BUY,81.55000305175781,81.55000305175781,83.70999908447266,2.6486768263441345,13.243384131720672,0.4189,20.723758874381236,1.1,0.0033,0.4,0.4,1.0,433.5,2025-03
2025-03-13,2025-03-14,2025-03-20,COR,BUY,256.010009765625,255.58999633789062,267.8399963378906,4.792832339105114,23.964161695525572,0.4174,29.5923972505059,0.73,0.0023,0.4,0.2,1.0,405.5,2025-03
2025-03-14,2025-03-17,2025-03-21,AMGN,BUY,313.7099914550781,314.6400146484375,316.0400085449219,0.44495100155924405,2.2247550077962206,0.4477,40.27552515566463,0.59,0.0025,0.4,0.0,1.0,961.8,2025-03
2025-03-14,2025-03-17,2025-03-21,CMS,BUY,72.7699966430664,73.0,73.5,0.684931506849315,3.4246575342465753,0.413,31.34274738515426,0.85,0.0022,0.4,0.6,1.0,173.6,2025-03
2025-03-14,2025-03-17,2025-03-21,COR,BUY,258.07000732421875,257.2699890136719,267.42999267578125,3.949160063737341,19.745800318686705,0.4077,29.539527599745185,1.01,0.0026,0.4,0.0,1.0,395.2,2025-03
2025-03-14,2025-03-17,2025-03-21,AEP,BUY,105.55999755859375,105.66999816894531,105.11000061035156,-0.5299494353150507,-2.649747176575253,0.3871,40.361818022095676,0.68,0.0025,0.4,0.6,0.5,374.6,2025-03
2025-03-17,2025-03-18,2025-03-24,AMGN,BUY,317.1700134277344,317.55999755859375,314.3800048828125,-1.0013832662265663,-5.006916331132832,0.414,39.392140329245954,0.96,0.0029,0.2,0.2,1.0,966.3,2025-03
2025-03-17,2025-03-18,2025-03-24,BMY,BUY,59.9900016784668,59.880001068115234,61.04999923706055,1.9539047229047404,9.7695236145237,0.3208,23.879585670591307,0.45,0.0022,0.2,0.2,1.0,741.2,2025-03
2025-03-19,2025-03-20,2025-03-26,ATO,BUY,150.75,150.83999633789062,150.16000366210938,-0.45080395935440476,-2.254019796772024,0.3123,24.648964030634456,0.72,0.0021,0.2,0.8,0.5,134.3,2025-03
2025-03-20,2025-03-21,2025-03-27,AMGN,BUY,315.0400085449219,311.82000732421875,305.7699890136719,-1.940227749483789,-9.701138747418945,0.4082,36.4369332555083,0.5,0.0024,0.2,0.4,1.0,960.7,2025-03
2025-03-20,2025-03-21,2025-03-27,AVGO,SELL,190.5399932861328,188.2100067138672,171.99000549316406,8.618033389352217,43.09016694676109,0.4063,26.486533792535916,-0.76,-0.0021,0.6,1.0,0.0,6820.4,2025-03
2025-03-21,2025-03-24,2025-03-28,AMGN,BUY,316.0400085449219,315.0,306.95001220703125,-2.55555168030754,-12.7777584015377,0.3013,35.14398669028916,0.6,0.0022,0.2,0.4,0.0,1069.2,2025-03
2025-03-25,2025-03-26,2025-04-01,AVGO,SELL,188.25999450683594,186.66000366210938,168.52000427246094,9.718203703930778,48.591018519653886,0.5277,24.380528280073044,-0.88,-0.0024,0.6,1.0,1.0,6820.2,2025-03
2025-03-25,2025-03-26,2025-04-01,DXCM,SELL,73.55000305175781,73.25,67.31999969482422,8.095563556553968,40.47781778276984,0.4069,27.539184908618356,-1.07,-0.0029,0.6,0.6,0.0,328.4,2025-03
2025-03-26,2025-03-27,2025-04-02,CMI,SELL,328.0199890136719,325.8500061035156,319.989990234375,1.7983783211220876,8.991891605610439,0.4534,22.638331926823643,-0.9,-0.0022,0.6,0.6,1.0,340.8,2025-03
2025-03-26,2025-03-27,2025-04-02,CCL,SELL,20.93000030517578,20.75,20.020000457763672,3.5180700830666414,17.590350415333205,0.411,32.09539891196376,-0.56,-0.0038,0.6,0.8,0.0,614.0,2025-03
2025-03-27,2025-03-28,2025-04-03,AMT,BUY,214.0399932861328,215.63999938964844,228.19000244140625,5.819886425189937,29.099432125949686,0.3826,37.583363618274845,1.06,0.0022,0.2,0.0,1.0,640.6,2025-03
2025-03-27,2025-03-28,2025-04-03,CFG,SELL,41.25,41.099998474121094,36.220001220703125,11.873473076868102,59.36736538434051,0.3037,28.91126786273432,-0.8,-0.0021,0.6,0.0,0.5,229.9,2025-03
2025-03-28,2025-03-31,2025-04-04,APP,SELL,272.3800048828125,255.92999267578125,219.3699951171875,14.285155552248579,71.4257777612429,0.4312,17.75502612855826,-1.19,-0.0046,0.6,0.4,1.0,3195.1,2025-03
2025-03-31,2025-04-01,2025-04-07,AON,BUY,399.0899963378906,398.4100036621094,364.3500061035156,-8.548981512893928,-42.744907564469635,0.3192,22.41951014860603,0.58,0.002,0.2,0.6,1.0,510.0,2025-03
2025-04-01,2025-04-02,2025-04-08,BR,BUY,244.72000122070312,242.6300048828125,217.22000122070312,-10.472737563675242,-52.36368781837621,0.3092,19.237426618099466,1.67,0.0023,0.0,0.2,1.0,146.8,2025-04
2025-04-03,2025-04-04,2025-04-10,COF,SELL,164.0399932861328,156.89999389648438,162.16000366210938,-3.352460146745015,-16.762300733725073,0.4451,29.518754323416285,-1.7,-0.0024,0.8,0.4,1.0,921.4,2025-04
2025-04-03,2025-04-04,2025-04-10,CDNS,SELL,248.91000366210938,243.52999877929688,254.02000427246094,-4.307479795403278,-21.53739897701639,0.321,21.804357705997113,-0.97,-0.0032,0.8,0.8,0.0,580.3,2025-04
2025-04-10,2025-04-11,2025-04-17,CCL,SELL,17.600000381469727,17.520000457763672,17.989999771118164,-2.682644412524661,-13.413222062623305,0.7268,34.63268330523745,-1.18,-0.007,1.0,1.0,1.0,613.5,2025-04
2025-04-10,2025-04-11,2025-04-17,BX,SELL,127.44999694824219,125.91999816894531,130.38999938964844,-3.549873956244646,-17.74936978122323,0.6668,31.401735224300328,-1.24,-0.0069,1.0,0.6,1.0,897.4,2025-04
2025-04-10,2025-04-11,2025-04-17,ADI,SELL,178.36000061035156,172.1300048828125,176.27000427246094,-2.4051584687207685,-12.025792343603843,0.6473,23.028783924575766,-1.35,-0.0056,1.0,1.0,1.0,918.1,2025-04
2025-04-10,2025-04-11,2025-04-17,CMCSA,SELL,31.565135955810547,31.82755470275879,31.874414443969727,-0.147230101867913,-0.7361505093395649,0.5664,20.464082572941773,-1.35,-0.0035,1.0,0.8,1.0,1028.0,2025-04
2025-04-10,2025-04-11,2025-04-17,COR,BUY,279.1499938964844,277.8399963378906,286.739990234375,3.203280310175642,16.01640155087821,0.3921,46.122617364299536,1.0,0.0039,0.0,0.0,1.0,591.1,2025-04
2025-04-11,2025-04-14,2025-04-21,DG,BUY,89.04000091552734,88.8499984741211,95.61000061035156,7.608331178755644,38.04165589377822,0.4598,33.236923485469354,0.78,0.0035,0.0,0.2,1.0,498.3,2025-04
2025-04-11,2025-04-14,2025-04-21,BRK-B,BUY,524.1099853515625,531.0,506.9200134277344,-4.534837395906897,-22.674186979534486,0.3863,33.53256466876292,0.51,0.0025,0.0,0.4,1.0,3398.4,2025-04
2025-04-11,2025-04-14,2025-04-21,AZO,BUY,3659.60009765625,3671.2900390625,3569.239990234375,-2.7796781987343198,-13.898390993671597,0.3245,27.3110761740616,0.21,0.0022,0.0,0.0,1.0,640.0,2025-04
2025-04-11,2025-04-14,2025-04-21,CNP,BUY,36.58000183105469,36.630001068115234,36.4900016784668,-0.3821987047941985,-1.9109935239709923,0.3027,25.04444512513094,0.82,0.0035,0.0,0.0,1.0,255.6,2025-04
2025-04-14,2025-04-15,2025-04-22,AMZN,SELL,182.1199951171875,181.41000366210938,173.17999267578125,4.536690821999638,22.683454109998195,0.6567,30.003462656372328,-0.69,-0.0044,1.0,1.0,1.0,11378.0,2025-04
2025-04-14,2025-04-15,2025-04-22,DG,BUY,90.30999755859375,90.0,96.79000091552734,7.544445461697048,37.722227308485245,0.4411,32.77062973870465,1.03,0.0044,0.0,0.2,1.0,500.2,2025-04
2025-04-14,2025-04-15,2025-04-22,CAH,BUY,134.77999877929688,135.55999755859375,133.69000244140625,-1.3794593913143316,-6.897296956571657,0.3346,32.97850536736849,0.78,0.0025,0.0,0.0,1.0,375.7,2025-04
2025-04-14,2025-04-15,2025-04-22,AWK,BUY,148.8300018310547,149.66000366210938,149.25999450683594,-0.267278595139251,-1.336392975696255,0.3294,25.336655259046665,1.15,0.0034,0.0,0.2,1.0,267.9,2025-04
2025-04-14,2025-04-15,2025-04-22,CME,BUY,263.69000244140625,264.1199951171875,265.55999755859375,0.5452076586505065,2.7260382932525324,0.3185,22.93328883501794,0.66,0.0027,0.0,0.4,1.0,873.6,2025-04
2025-04-15,2025-04-16,2025-04-23,CARR,SELL,60.470001220703125,59.47999954223633,58.599998474121094,1.4794907109747906,7.397453554873953,0.5998,21.851166485379167,-0.52,-0.004,1.0,1.0,1.0,341.5,2025-04
2025-04-15,2025-04-16,2025-04-23,AVY,SELL,169.5,169.82000732421875,170.25,-0.25320495656339953,-1.2660247828169977,0.5593,30.89396478789749,-0.68,-0.0033,1.0,1.0,0.5,165.3,2025-04
2025-04-15,2025-04-16,2025-04-23,AIZ,SELL,193.8000030517578,195.17999267578125,191.07000732421875,2.1057411137368507,10.528705568684254,0.5301,25.627692266842594,-0.66,-0.0023,1.0,0.4,1.0,105.5,2025-04
2025-04-15,2025-04-16,2025-04-23,BLK,SELL,888.4400024414062,881.239990234375,892.5399780273438,-1.2822826832862408,-6.411413416431204,0.5075,25.676730224325386,-0.4,-0.0029,1.0,0.4,1.0,1075.6,2025-04
2025-04-15,2025-04-16,2025-04-23,CMG,SELL,48.79999923706055,48.5,48.7599983215332,-0.5360790134705219,-2.6803950673526096,0.4666,23.514624472821634,-0.44,-0.0037,1.0,1.0,0.5,721.2,2025-04
2025-04-15,2025-04-16,2025-04-23,AOS,SELL,63.849998474121094,63.959999084472656,63.810001373291016,0.23451800082663704,1.1725900041331851,0.3462,18.62911871914099,-0.35,-0.0024,1.0,1.0,0.0,106.1,2025-04
2025-04-16,2025-04-17,2025-04-24,AAPL,SELL,194.27000427246094,197.1999969482422,208.3699951171875,-5.664299361970594,-28.321496809852967,0.6854,29.769944918121755,-1.02,-0.005,1.0,1.0,1.0,15909.4,2025-04
2025-04-16,2025-04-17,2025-04-24,BAC,SELL,37.33000183105469,37.5099983215332,39.58000183105469,-5.518537995596674,-27.59268997798337,0.6352,32.13178549181504,-0.76,-0.0047,1.0,0.6,1.0,2428.2,2025-04
2025-04-16,2025-04-17,2025-04-24,CARR,SELL,59.189998626708984,59.7400016784668,60.310001373291016,-0.9541340455463602,-4.7706702277318005,0.62,22.041683626785616,-0.92,-0.0045,1.0,1.0,1.0,338.2,2025-04
2025-04-16,2025-04-17,2025-04-24,C,SELL,62.099998474121094,62.18000030517578,68.16000366210938,-9.617245621717737,-48.086228108588685,0.6167,29.154072337910346,-1.05,-0.0046,1.0,0.6,1.0,1500.6,2025-04
2025-04-16,2025-04-17,2025-04-24,AIZ,SELL,190.32000732421875,191.60000610351562,193.19000244140625,-0.8298519244470162,-4.149259622235081,0.5561,26.03671720301366,-1.05,-0.0027,1.0,0.6,1.0,106.2,2025-04
2025-04-16,2025-04-17,2025-04-24,CHTR,SELL,332.5,335.2099914550781,335.3299865722656,-0.03579699896969828,-0.17898499484849137,0.5473,20.969425611704594,-1.11,-0.0024,1.0,0.8,1.0,525.4,2025-04
2025-04-16,2025-04-17,2025-04-24,BLK,SELL,865.780029296875,871.0499877929688,916.260009765625,-5.190290179236163,-25.951450896180816,0.5464,25.900271167573713,-0.91,-0.0036,1.0,0.6,1.0,1049.2,2025-04
2025-04-16,2025-04-17,2025-04-24,AVY,SELL,168.14999389648438,169.22999572753906,173.6199951171875,-2.594102405294835,-12.970512026474175,0.494,31.567011711412448,-0.86,-0.0037,1.0,1.0,0.0,166.6,2025-04
2025-04-16,2025-04-17,2025-04-24,DG,BUY,89.36000061035156,89.05000305175781,93.80999755859375,5.345305270870485,26.726526354352423,0.4384,31.4350177903647,0.7,0.0038,0.0,0.2,1.0,501.0,2025-04
2025-04-16,2025-04-17,2025-04-24,AXP,SELL,252.9199981689453,252.9499969482422,267.32000732421875,-5.680968788039522,-28.40484394019761,0.4085,25.863289872816186,-0.48,-0.0035,1.0,0.6,0.0,1095.1,2025-04
2025-04-16,2025-04-17,2025-04-24,CMG,SELL,48.08000183105469,48.189998626708984,49.540000915527344,-2.801415910541507,-14.007079552707536,0.4013,23.606702770718805,-0.73,-0.0041,1.0,1.0,0.0,701.9,2025-04
2025-04-16,2025-04-17,2025-04-24,AMCR,SELL,46.25,46.29999923706055,48.29999923706055,-4.319654498825806,-21.59827249412903,0.383,25.473382540186936,-0.58,-0.0024,1.0,1.0,0.0,367.3,2025-04
2025-04-16,2025-04-17,2025-04-24,AOS,SELL,62.86000061035156,62.970001220703125,65.30000305175781,-3.7001775224495868,-18.500887612247933,0.3508,19.119384708062636,-0.79,-0.0032,1.0,1.0,0.0,106.5,2025-04
2025-04-16,2025-04-17,2025-04-24,AMP,SELL,463.2200012207031,464.0899963378906,474.0799865722656,-2.1525976239965265,-10.762988119982632,0.328,24.027759421574554,-0.48,-0.0027,1.0,0.6,0.0,292.6,2025-04
2025-04-17,2025-04-21,2025-04-25,AVGO,SELL,170.99000549316406,166.99000549316406,192.30999755859375,-15.162579335603526,-75.81289667801764,0.4076,21.694300203175118,-0.43,-0.0042,1.0,1.0,0.0,6556.9,2025-04
2025-04-21,2025-04-22,2025-04-28,BKR,SELL,37.79999923706055,37.880001068115234,36.209999084472656,4.408664035250702,22.04332017625351,0.4778,25.28634172573117,-1.01,-0.0038,0.8,1.0,0.0,365.5,2025-04
2025-04-21,2025-04-22,2025-04-28,AMP,SELL,451.1499938964844,459.2900085449219,468.3800048828125,-1.9791408845771914,-9.895704422885958,0.3648,24.189375279050495,-0.96,-0.0038,0.8,0.8,0.0,267.6,2025-04
2025-04-21,2025-04-22,2025-04-28,DXCM,SELL,66.11000061035156,67.08999633789062,71.18000030517578,-6.096294813739962,-30.481474068699807,0.3542,21.420658278585297,-0.68,-0.0046,0.8,0.8,0.0,323.9,2025-04
2025-04-23,2025-04-24,2025-04-30,AVY,SELL,170.25,169.0,171.11000061035156,-1.2485210712139423,-6.242605356069712,0.5083,29.791304940725464,-0.38,-0.0024,1.0,1.0,1.0,173.6,2025-04
2025-04-25,2025-04-28,2025-05-02,AMP,SELL,465.94000244140625,466.4100036621094,484.4800109863281,-3.874275247601585,-19.371376238007926,0.4422,20.7063660351088,-0.22,-0.0023,0.8,0.6,1.0,288.0,2025-04
2025-04-30,2025-05-01,2025-05-07,COP,SELL,89.12000274658203,88.43000030517578,87.70999908447266,0.8142047022711404,4.071023511355702,0.3052,17.858495908617115,-0.6,-0.003,0.8,1.0,0.0,789.0,2025-04
2025-05-01,2025-05-02,2025-05-08,AVY,SELL,169.41000366210938,172.58999633789062,173.02000427246094,-0.24914997606724443,-1.2457498803362221,0.4132,24.199329391463305,-0.47,-0.0026,0.6,0.8,1.0,193.3,2025-05
2025-05-01,2025-05-02,2025-05-08,CMCSA,SELL,31.69634437561035,31.865041732788086,32.07122802734375,-0.6470611157038125,-3.2353055785190623,0.3484,24.784526453167537,-0.46,-0.0027,0.6,0.2,1.0,976.5,2025-05
2025-05-01,2025-05-02,2025-05-08,CLX,SELL,138.5399932861328,139.6999969482422,137.80999755859375,1.3528986620870638,6.764493310435319,0.3093,21.919643670048256,-0.63,-0.0023,0.6,0.4,0.5,208.2,2025-05
2025-05-05,2025-05-06,2025-05-12,CHRW,SELL,89.94000244140625,89.01000213623047,95.94999694824219,-7.796870739751253,-38.984353698756266,0.4119,22.97296887505314,-0.54,-0.0037,0.4,0.4,1.0,135.0,2025-05
2025-05-06,2025-05-07,2025-05-13,APD,SELL,267.6199951171875,267.6400146484375,273.6400146484375,-2.2418172439130184,-11.209086219565092,0.4679,35.790794170317035,-0.47,-0.0033,0.4,0.6,1.0,395.6,2025-05
2025-05-06,2025-05-07,2025-05-13,BXP,SELL,63.97999954223633,64.44999694824219,66.04000091552734,-2.4670349768395483,-12.335174884197741,0.3841,18.793441565707464,-0.21,-0.003,0.4,0.4,1.0,104.6,2025-05
2025-05-06,2025-05-07,2025-05-13,AMCR,SELL,45.900001525878906,45.95000076293945,45.849998474121094,0.2176328338584388,1.088164169292194,0.3616,20.292655012119685,-0.72,-0.0025,0.4,0.6,1.0,503.3,2025-05
2025-05-06,2025-05-07,2025-05-13,BAX,SELL,29.93000030517578,29.989999771118164,31.149999618530273,-3.867955506052541,-19.339777530262705,0.3338,19.943527326064522,-0.37,-0.0026,0.4,0.8,0.5,153.1,2025-05
2025-05-07,2025-05-08,2025-05-14,BXP,SELL,64.05000305175781,64.41000366210938,66.11000061035156,-2.6393368290432946,-13.196684145216473,0.4169,18.230338772887084,-0.17,-0.0031,0.4,0.4,1.0,103.3,2025-05
2025-05-08,2025-05-09,2025-05-15,CMCSA,SELL,32.07122802734375,32.183692932128906,33.11152648925781,-2.8829306788552294,-14.414653394276145,0.413,23.445927217316658,-0.13,-0.0024,0.4,0.2,1.0,863.1,2025-05
2025-05-08,2025-05-09,2025-05-15,BXP,SELL,63.540000915527344,63.720001220703125,66.9800033569336,-5.116136336750836,-25.58068168375418,0.3512,17.92169944059152,-0.37,-0.0032,0.4,0.4,1.0,100.1,2025-05
2025-05-09,2025-05-12,2025-05-16,AMCR,SELL,45.599998474121094,46.25,47.20000076293945,-2.0540557036528715,-10.270278518264357,0.3804,22.034020164098838,-0.8,-0.0029,0.4,0.4,1.0,478.9,2025-05
2025-05-13,2025-05-14,2025-05-20,AMCR,SELL,45.849998474121094,45.75,46.5,-1.639344262295082,-8.196721311475411,0.3467,20.609588985192296,-0.55,-0.0025,0.4,0.4,1.0,457.9,2025-05
2025-05-15,2025-05-16,2025-05-22,COR,BUY,285.9700012207031,285.760009765625,290.1099853515625,1.5222478433932265,7.6112392169661325,0.3433,23.474946156932297,0.18,0.003,0.4,0.0,0.5,555.8,2025-05
2025-05-16,2025-05-19,2025-05-23,DG,BUY,93.55000305175781,93.63999938964844,101.38999938964844,8.27637767034921,41.38188835174605,0.3232,20.481382342715563,0.85,0.0037,0.4,0.4,0.5,320.8,2025-05
2025-05-21,2025-05-22,2025-05-29,AMGN,SELL,271.3399963378906,271.3399963378906,283.5400085449219,-4.49620858394904,-22.481042919745203,0.4272,37.00712729441856,-0.66,-0.0028,0.4,0.8,0.5,802.7,2025-05
2025-05-22,2025-05-23,2025-05-30,CDW,BUY,183.3800048828125,178.50999450683594,180.36000061035156,1.0363599576744036,5.181799788372018,0.4612,36.46139463263206,1.24,0.0023,0.6,0.8,0.0,243.8,2025-05
2025-05-27,2025-05-28,2025-06-03,CARR,BUY,72.33000183105469,72.43000030517578,70.80000305175781,-2.2504449075661412,-11.252224537830704,0.4749,33.06650495638016,0.88,0.0032,0.6,0.8,0.0,425.8,2025-05
2025-05-27,2025-05-28,2025-06-03,CDW,BUY,185.72000122070312,185.5399932861328,179.35000610351562,-3.336201038377328,-16.68100519188664,0.4687,33.96531177681886,1.48,0.0022,0.6,0.8,0.0,248.7,2025-05
2025-05-27,2025-05-28,2025-06-03,C,BUY,75.47000122070312,75.56999969482422,76.52999877929688,1.2703441687831667,6.351720843915833,0.4427,24.468771373616903,1.46,0.0023,0.6,0.8,0.5,876.8,2025-05
2025-05-28,2025-05-29,2025-06-04,APD,SELL,271.760009765625,272.30999755859375,280.2099914550781,-2.901103142489107,-14.505515712445536,0.4215,22.676855193864537,-0.11,-0.0023,0.2,0.4,1.0,336.4,2025-05
2025-06-02,2025-06-03,2025-06-09,ADSK,BUY,295.260009765625,295.1199951171875,297.2099914550781,0.7081852712354242,3.540926356177121,0.3998,31.309350871107416,0.7,0.0027,0.6,0.6,0.0,493.1,2025-06
2025-06-03,2025-06-04,2025-06-10,APTV,BUY,66.88999938964844,66.19000244140625,70.37000274658203,6.315153574553902,31.575767872769507,0.5512,33.81448260573614,0.92,0.0035,0.6,0.8,0.5,145.7,2025-06
2025-06-03,2025-06-04,2025-06-10,COIN,BUY,258.9100036621094,257.5199890136719,254.94000244140625,-1.0018587613906167,-5.0092938069530835,0.51,24.314539052871755,1.27,0.0057,0.6,0.8,0.0,3938.2,2025-06
2025-06-03,2025-06-04,2025-06-10,DELL,BUY,111.9000015258789,112.87000274658203,113.25,0.3366680642961852,1.683340321480926,0.4008,20.900936799786127,1.05,0.0033,0.6,0.6,0.0,728.5,2025-06
2025-06-05,2025-06-06,2025-06-12,CINF,BUY,149.8699951171875,151.0,148.25,-1.8211920529801324,-9.105960264900663,0.4269,21.15847228218244,0.69,0.0027,0.8,0.8,0.5,77.4,2025-06
2025-06-06,2025-06-09,2025-06-13,APTV,BUY,66.63999938964844,66.63999938964844,67.25,0.915367070736074,4.57683535368037,0.3703,29.3330959912659,0.7,0.0032,0.8,0.8,0.0,144.8,2025-06
2025-06-09,2025-06-10,2025-06-16,COIN,BUY,256.6300048828125,258.8800048828125,261.57000732421875,1.0390923944179993,5.195461972089996,0.4787,19.631054764380305,0.86,0.0054,0.8,0.8,0.0,3926.5,2025-06
2025-06-09,2025-06-10,2025-06-16,ADSK,BUY,297.2099914550781,298.4100036621094,299.29998779296875,0.29824205621038996,1.4912102810519499,0.3909,29.469563660982324,0.62,0.0028,0.8,0.8,0.0,511.5,2025-06
2025-06-09,2025-06-10,2025-06-16,CARR,BUY,71.6500015258789,72.0,71.04000091552734,-1.3333320617675781,-6.666660308837891,0.3116,23.729742102682458,0.46,0.0025,0.8,0.8,0.0,356.6,2025-06
2025-06-11,2025-06-12,2025-06-18,DVA,SELL,138.1699981689453,138.13999938964844,135.7899932861328,1.7011771491955887,8.505885745977944,0.341,18.56281889286894,-0.27,-0.0026,0.0,0.8,1.0,105.8,2025-06
2025-06-12,2025-06-13,2025-06-20,DDOG,BUY,122.68000030517578,120.54000091552734,127.5,5.774016120466202,28.87008060233101,0.5401,25.121059422474417,1.59,0.0024,0.8,0.8,1.0,503.7,2025-06
2025-06-16,2025-06-17,2025-06-24,CCL,BUY,23.84000015258789,23.639999389648438,25.700000762939453,8.714050027399983,43.57025013699992,0.508,29.709316508366037,0.9,0.0031,0.8,0.8,0.5,494.7,2025-06
2025-06-16,2025-06-17,2025-06-24,COF,BUY,197.6199951171875,195.89999389648438,206.36000061035156,5.33946250115473,26.69731250577365,0.4591,18.242541512268577,0.68,0.0032,0.8,0.8,1.0,867.9,2025-06
2025-06-18,2025-06-20,2025-06-26,CCL,BUY,23.610000610351562,23.780000686645508,26.170000076293945,10.050459716725852,50.252298583629255,0.4168,27.570578905847125,0.55,0.0037,0.8,0.8,0.5,502.8,2025-06
2025-06-18,2025-06-20,2025-06-26,COF,BUY,197.1699981689453,198.82000732421875,210.50999450683594,5.87968350868942,29.398417543447103,0.4048,17.86147646911113,0.55,0.003,0.8,0.8,1.0,829.5,2025-06
2025-06-18,2025-06-20,2025-06-26,BAC,BUY,45.060001373291016,45.310001373291016,47.459999084472656,4.74508418896011,23.72542094480055,0.3975,18.044338304854225,1.1,0.0022,0.8,0.8,1.0,1618.9,2025-06
2025-06-24,2025-06-25,2025-07-01,CSX,BUY,32.47999954223633,32.459999084472656,33.470001220703125,3.1115285419512118,15.55764270975606,0.4834,34.091545328321885,1.16,0.0022,0.8,0.8,1.0,508.9,2025-06
2025-06-24,2025-06-25,2025-07-01,APTV,BUY,68.44999694824219,68.36000061035156,71.66999816894531,4.842009258397412,24.21004629198706,0.3943,20.46833368753557,0.69,0.0031,0.8,0.8,0.5,161.9,2025-06
2025-06-26,2025-06-27,2025-07-03,AMZN,BUY,217.1199951171875,219.9199981689453,223.41000366210938,1.5869432167251094,7.934716083625547,0.4234,20.40295040525255,1.31,0.0026,0.8,0.8,1.0,8228.8,2025-06
2025-06-26,2025-06-27,2025-07-03,CVS,BUY,68.13999938964844,67.98999786376953,67.43000030517578,-0.8236469718910834,-4.118234859455416,0.3949,20.62035182803641,1.47,0.003,0.8,0.0,1.0,481.9,2025-06
2025-06-30,2025-07-01,2025-07-08,ADM,BUY,52.779998779296875,52.68000030517578,54.54999923706055,3.549732196377833,17.748660981889167,0.4356,24.93423408374036,1.13,0.0031,0.8,0.4,0.5,221.4,2025-06
2025-07-01,2025-07-02,2025-07-09,CSGP,BUY,81.91000366210938,81.56999969482422,84.5,3.5920072528352547,17.960036264176274,0.3145,19.66387498314035,1.22,0.0021,0.8,0.2,0.5,238.9,2025-07
2025-07-03,2025-07-07,2025-07-11,CIEN,BUY,81.37999725341797,80.80999755859375,77.75,-3.786657160056224,-18.93328580028112,0.5062,20.03910698084908,1.26,0.0041,0.8,0.8,0.5,219.3,2025-07
2025-07-03,2025-07-07,2025-07-11,CVS,BUY,67.43000030517578,67.19999694824219,64.77999877929688,-3.6011879149476878,-18.005939574738438,0.3495,23.156477328937118,0.47,0.0033,0.8,0.4,0.0,455.2,2025-07
2025-07-08,2025-07-09,2025-07-15,CSGP,BUY,82.83000183105469,82.83000183105469,84.08999633789062,1.5211813098904694,7.605906549452348,0.4067,22.12259994352143,1.37,0.0027,0.8,0.2,1.0,230.6,2025-07
2025-07-09,2025-07-10,2025-07-16,CIEN,BUY,79.33000183105469,79.73999786376953,84.12000274658203,5.492858038816914,27.46429019408457,0.3264,17.3549091981588,0.36,0.0033,0.8,0.8,0.0,178.1,2025-07
2025-07-16,2025-07-17,2025-07-23,ADM,BUY,54.0,53.06999969482422,56.220001220703125,5.935559721109472,29.67779860554736,0.3887,24.371409525910625,0.49,0.0035,0.8,0.2,0.5,214.0,2025-07
2025-07-25,2025-07-28,2025-08-01,DD,BUY,95.1087875366211,95.17154693603516,87.7907943725586,-7.755209199696175,-38.776045998480875,0.4733,28.130591314679627,1.09,0.0026,0.8,0.8,0.0,192.6,2025-07
2025-07-25,2025-07-28,2025-08-01,DAL,BUY,54.86000061035156,54.9900016784668,51.150001525878906,-6.98308789848896,-34.9154394924448,0.4487,19.841848727693748,0.59,0.0039,0.8,0.8,0.0,665.6,2025-07
2025-07-28,2025-07-29,2025-08-04,DAL,BUY,55.61000061035156,55.970001220703125,52.52000045776367,-6.16401766606235,-30.820088330311744,0.4365,19.431262310037557,0.94,0.0038,0.8,0.8,0.0,658.5,2025-07
2025-07-28,2025-07-29,2025-08-04,BAX,SELL,28.520000457763672,28.3700008392334,22.440000534057617,20.902362107000975,104.51181053500488,0.3208,18.95767758154356,-0.57,-0.0027,0.0,0.4,1.0,145.6,2025-07
2025-07-29,2025-07-30,2025-08-05,CNP,BUY,38.290000915527344,38.290000915527344,38.93000030517578,1.671453053919634,8.35726526959817,0.4817,17.231508466995372,1.74,0.0025,0.8,0.8,1.0,215.2,2025-07
2025-07-29,2025-07-30,2025-08-05,D,BUY,58.65999984741211,58.650001525878906,61.08000183105469,4.143222918934726,20.71611459467363,0.4569,20.635451365550384,1.09,0.0022,0.8,0.8,1.0,238.2,2025-07
2025-07-29,2025-07-30,2025-08-05,DLR,BUY,178.3000030517578,178.8800048828125,172.1699981689453,-3.751121718865691,-18.755608594328454,0.4408,21.54393941083679,0.82,0.0026,0.8,0.6,1.0,264.1,2025-07
2025-07-29,2025-07-30,2025-08-05,AMGN,BUY,303.55999755859375,304.3299865722656,300.0799865722656,-1.396510428653012,-6.9825521432650595,0.4148,18.309067918561883,0.81,0.0021,0.8,0.2,1.0,562.2,2025-07
2025-07-31,2025-08-01,2025-08-07,AOS,BUY,70.79000091552734,70.5,70.62000274658203,0.17021666181848405,0.8510833090924202,0.401,30.429984438654145,0.55,0.0024,0.8,0.8,0.0,121.1,2025-07
2025-07-31,2025-08-01,2025-08-07,D,BUY,58.45000076293945,59.08000183105469,61.7400016784668,4.502369270432069,22.51184635216034,0.3761,20.594221820514722,0.75,0.0021,0.8,0.8,0.5,238.2,2025-07
2025-08-01,2025-08-04,2025-08-08,AZO,BUY,3858.860107421875,3870.610107421875,4035.159912109375,4.251262723981849,21.256313619909246,0.449,21.909756526406962,1.1,0.0023,0.8,0.6,1.0,439.5,2025-08
2025-08-06,2025-08-07,2025-08-13,CVNA,BUY,70.97799682617188,72.56800079345703,69.9739990234375,-3.5745807265692444,-17.87290363284622,0.6232,21.5065445656686,0.43,0.0094,0.8,0.8,1.0,1140.7,2025-08
2025-08-08,2025-08-11,2025-08-15,AES,BUY,13.119999885559082,13.149999618530273,13.3100004196167,1.2167361652312236,6.083680826156118,0.3799,23.24049909786831,0.38,0.0041,0.8,0.8,0.0,154.7,2025-08
2025-08-11,2025-08-12,2025-08-18,BMY,SELL,45.93000030517578,46.09000015258789,48.189998626708984,-4.556299559923481,-22.781497799617405,0.3106,18.1997444080442,-0.3,-0.0035,0.0,0.8,0.5,619.7,2025-08
2025-08-13,2025-08-14,2025-08-20,CVNA,BUY,69.9739990234375,69.29000091552734,67.72200012207031,-2.2629539222673825,-11.314769611336912,0.4787,19.13515426845283,0.13,0.0072,0.8,0.8,0.0,1157.4,2025-08
2025-08-13,2025-08-14,2025-08-20,CVX,BUY,155.8699951171875,155.6999969482422,153.22000122070312,-1.5928039666972267,-7.964019833486134,0.3178,27.53328475948775,1.05,0.0021,0.8,0.0,0.5,1821.2,2025-08
2025-08-14,2025-08-15,2025-08-21,AKAM,SELL,74.2699966430664,74.69000244140625,76.31999969482422,-2.1823499801016735,-10.911749900508367,0.3893,25.26395189905664,-0.6,-0.0034,0.0,0.0,1.0,166.0,2025-08
2025-08-15,2025-08-18,2025-08-22,CVNA,BUY,69.99800109863281,70.0999984741211,71.56199645996094,2.0855891835426665,10.427945917713332,0.4728,18.141332245094137,0.16,0.007,0.8,0.8,0.0,1144.8,2025-08
2025-08-15,2025-08-18,2025-08-22,AES,BUY,13.3100004196167,13.350000381469727,13.489999771118164,1.0486845366893145,5.243422683446572,0.4089,22.17644783054704,0.7,0.0042,0.8,0.8,0.5,133.1,2025-08
2025-08-15,2025-08-18,2025-08-22,AKAM,SELL,74.41999816894531,74.45999908447266,77.63999938964844,-4.2707498580119045,-21.353749290059522,0.3424,24.12512029726052,-0.5,-0.003,0.0,0.0,1.0,167.7,2025-08
2025-08-18,2025-08-19,2025-08-25,AXON,BUY,791.6199951171875,779.8300170898438,763.52001953125,-2.0914811178286157,-10.457405589143079,0.4753,22.44339754236537,0.38,0.0036,0.8,0.8,1.0,637.4,2025-08
2025-08-18,2025-08-19,2025-08-25,DVA,SELL,133.25,133.9499969482422,137.3300018310547,-2.523333303335962,-12.61666651667981,0.3467,20.602798473075126,-0.85,-0.0027,0.0,0.4,1.0,126.7,2025-08
2025-08-18,2025-08-19,2025-08-25,BXP,SELL,65.16000366210938,65.5999984741211,69.68000030517578,-6.2195151310319465,-31.097575655159734,0.3346,25.719812403720493,-0.65,-0.0022,0.0,0.8,0.5,117.4,2025-08
2025-08-21,2025-08-22,2025-08-28,ALB,BUY,78.94000244140625,77.33000183105469,84.91999816894531,9.815073268034743,49.07536634017371,0.6179,23.501002409619954,0.57,0.0057,0.8,0.8,1.0,390.0,2025-08
2025-08-22,2025-08-25,2025-08-29,ALB,BUY,81.33999633789062,80.7300033569336,84.91999816894531,5.190133330586386,25.950666652931933,0.6309,23.273101085227534,1.02,0.0061,0.8,0.8,1.0,379.2,2025-08
2025-08-22,2025-08-25,2025-08-29,AES,BUY,13.489999771118164,13.40999984741211,13.539999961853027,0.9694266660711832,4.847133330355916,0.5119,22.127407857032857,0.9,0.0042,0.8,0.8,1.0,123.3,2025-08
2025-08-22,2025-08-25,2025-08-29,AMZN,BUY,228.83999633789062,227.35000610351562,229.0,0.7257505397792291,3.628752698896146,0.3497,17.190562719123836,0.69,0.0022,0.8,0.8,0.5,10580.8,2025-08
2025-08-26,2025-08-27,2025-09-03,CINF,BUY,153.58999633789062,153.0399932861328,153.52999877929688,0.3201813347233482,1.600906673616741,0.3535,17.882263318645204,0.63,0.0022,0.8,0.8,0.5,84.6,2025-08
